Megnvezés;Beszerzés éve;Darab;Egységár
Íróasztal;2019;5;52000
Irodai forgószék;2019;5;34500
Árnyékoló;2020;3;22990
Acer laptop;2018;2;250000
Fujitsu számítógép;2018;3;199000
Légkondícionáló;2022;2;280000
Asztali lámpa;2020;5;11800
Falióra;2022;1;12990
Irattartó szekrény;2020;2;44500
Kapcsos irattartó;2020;15;1800
Hosszabbító;2023;4;2400
Széf;2024;1;63000
Tűzőgép;2020;5;3300
Hűtőszekrény;2020;1;99000
Egérpad;2020;5;2200
Digitalizáló tábla;2022;3;68000
Tablet;2022;2;54000
